task,documents,before_elapsed_sec,after_elapsed_sec,speedup_x,time_saved_sec,time_reduction_pct,before_docs_per_sec,after_docs_per_sec,before_tokens_per_sec,after_tokens_per_sec,before_output_tokens,after_output_tokens,before_peak_rss_mb,after_peak_rss_mb,before_unique_chunks,after_unique_chunks,after_cache_hits,after_cache_misses,after_cache_size
encode,50274,18090.043899300043,437.70712489984,41.329105399962515,17652.336774400203,97.58039766328717,2.779097733529837,114.85762314585156,703.7566669748435,29085.633465329625,12730989,12730989,503.19140625,996.57421875,0,0,484947,307527,65536
chunk_count,50274,7.5506076999008656,6.329107700148597,1.1929971897497635,1.2214999997522682,16.17750581543663,6658.272022351269,7943.299811254538,65720.27308563722,80119.3507874885,496228,507084,3913.734375,4042.19140625,9088,10695,0,0,0
